<?xml version="1.0" encoding="utf-8" standalone="no"?>
<problem revision="4" short-name="brac" url="https://polygon.codeforces.com/p542Ags/ldn060904/brac">
    <names>
        <name language="vietnamese" value="Điền dãy ngoặc"/>
    </names>
    <statements>
        <statement charset="UTF-8" language="vietnamese" mathjax="true" path="statements/vietnamese/problem.tex" type="application/x-tex"/>
        <statement charset="UTF-8" language="vietnamese" mathjax="true" path="statements/.html/vietnamese/problem.html" type="text/html"/>
    </statements>
    <judging cpu-name="Intel(R) Core(TM) i3-8100 CPU @ 3.60GHz" cpu-speed="3600" input-file="" output-file="" run-count="1">
        <testset name="tests">
            <time-limit>1000</time-limit>
            <memory-limit>1073741824</memory-limit>
            <test-count>21</test-count>
            <input-path-pattern>tests/%02d</input-path-pattern>
            <answer-path-pattern>tests/%02d.a</answer-path-pattern>
            <tests>
                <test group="1" method="manual" points="0.0" sample="true"/>
                <test cmd="brac_backtrack_gen --startL 1 --goalL 2" group="1" method="generated" points="1.0"/>
                <test cmd="brac_backtrack_gen --startL 3 --goalL 4" group="1" method="generated" points="1.0"/>
                <test cmd="brac_gen --startQ 80 --goalQ 100 --startL 6 --goalL 10 --goalS 1000 --numSubstring 3 --minMutate 10.0 --maxMutate 30.0 --rateHidden 30.0 69" group="1" method="generated" points="1.0"/>
                <test cmd="brac_gen --startQ 80 --goalQ 100 --startL 6 --goalL 10 --goalS 1000 --numSubstring 3 --minMutate 10.0 --maxMutate 30.0 --rateHidden 10.0 185" group="1" method="generated" points="1.0"/>
                <test cmd="brac_gen --startQ 60 --goalQ 70 --startL 11 --goalL 15 --goalS 1000 --numSubstring 4 --minMutate 10.0 --maxMutate 30.0 --rateHidden 30.0 18052004" group="1" method="generated" points="1.0"/>
                <test cmd="brac_gen --startQ 60 --goalQ 70 --startL 11 --goalL 15 --goalS 1000 --numSubstring 4 --minMutate 10.0 --maxMutate 30.0 --rateHidden 10.0 30041975" group="1" method="generated" points="1.0"/>
                <test cmd="brac_gen --startQ 40 --goalQ 50 --startL 15 --goalL 20 --goalS 1000 --numSubstring 4 --minMutate 10.0 --maxMutate 50.0 --rateHidden 50.0 4118" group="1" method="generated" points="1.0"/>
                <test group="1" method="manual" points="1.0"/>
                <test cmd="brac_gen --startQ 45 --goalQ 55 --startL 100 --goalL 200 --goalS 10000 --numSubstring 15 --minMutate 5.0 --maxMutate 30.0 --rateHidden 10.0 nevergonnagiveyouup" group="2" method="generated" points="1.0"/>
                <test cmd="brac_gen --startQ 15 --goalQ 25 --startL 400 --goalL 500 --goalS 10000 --numSubstring 20 --minMutate 10.0 --maxMutate 40.0 --rateHidden 30.0 nevergonnaletyoudown" group="2" method="generated" points="1.0"/>
                <test cmd="brac_gen --startQ 8 --goalQ 12 --startL 900 --goalL 1000 --goalS 10000 --numSubstring 40 --minMutate 5.0 --maxMutate 30.0 --rateHidden 10.0 nevergonnarunaround" group="2" method="generated" points="1.0"/>
                <test cmd="brac_gen --startQ 8 --goalQ 12 --startL 900 --goalL 1000 --goalS 10000 --numSubstring 40 --minMutate 10.0 --maxMutate 40.0 --rateHidden 30.0 anddessertyou" group="2" method="generated" points="1.0"/>
                <test cmd="brac_gen --startQ 10 --goalQ 10 --startL 1000 --goalL 1000 --goalS 10000 --numSubstring 50 --minMutate 5.0 --maxMutate 30.0 --rateHidden 10.0 quanoisaudemnay" group="2" method="generated" points="1.0"/>
                <test cmd="brac_gen --startQ 10 --goalQ 10 --startL 1000 --goalL 1000 --goalS 10000 --numSubstring 50 --minMutate 10.0 --maxMutate 40.0 --rateHidden 30.0 tranggoidaulenmay" group="2" method="generated" points="1.0"/>
                <test cmd="brac_gen --startQ 1000 --goalQ 1000 --startL 1000 --goalL 1000 --goalS 1000000 --numSubstring 50 --minMutate 10.0 --maxMutate 40.0 --rateHidden 30.0 themchutruouvamen" group="3" method="generated" points="1.0"/>
                <test cmd="brac_gen --startQ 45 --goalQ 55 --startL 10000 --goalL 20000 --goalS 1000000 --numSubstring 500 --minMutate 5.0 --maxMutate 20.0 --rateHidden 10.0 cuonmuonphiendi" group="3" method="generated" points="1.0"/>
                <test cmd="brac_gen --startQ 15 --goalQ 25 --startL 40000 --goalL 50000 --goalS 1000000 --numSubstring 1000 --minMutate 10.0 --maxMutate 30.0 --rateHidden 30.0 detinhthemsay" group="3" method="generated" points="1.0"/>
                <test cmd="brac_gen --startQ 8 --goalQ 12 --startL 90000 --goalL 100000 --goalS 1000000 --numSubstring 2000 --minMutate 5.0 --maxMutate 20.0 --rateHidden 10.0 ilovephuonganh" group="3" method="generated" points="1.0"/>
                <test cmd="brac_gen --startQ 10 --goalQ 10 --startL 100000 --goalL 100000 --goalS 1000000 --numSubstring 2500 --minMutate 10.0 --maxMutate 30.0 --rateHidden 30.0 builephuonganh" group="3" method="generated" points="1.0"/>
                <test cmd="brac_gen --startQ 10 --goalQ 10 --startL 100000 --goalL 100000 --goalS 1000000 --numSubstring 2500 --minMutate 50.0 --maxMutate 20.0 --rateHidden 10.0 yeuphuonganhvcl" group="3" method="generated" points="1.0"/>
            </tests>
            <groups>
                <group feedback-policy="points" name="1" points-policy="each-test"/>
                <group feedback-policy="points" name="2" points-policy="each-test"/>
                <group feedback-policy="points" name="3" points-policy="each-test"/>
            </groups>
        </testset>
    </judging>
    <files>
        <resources>
            <file path="files/olymp.sty"/>
            <file path="files/problem.tex"/>
            <file path="files/statements.ftl"/>
            <file path="files/testlib.h" type="h.g++"/>
        </resources>
        <executables>
            <executable>
                <source path="files/brac_backtrack_gen.cpp" type="cpp.g++17"/>
            </executable>
            <executable>
                <source path="files/brac_gen.cpp" type="cpp.g++17"/>
            </executable>
            <executable>
                <source path="files/brac_valid.cpp" type="cpp.g++17"/>
            </executable>
        </executables>
    </files>
    <assets>
        <checker name="std::nyesno.cpp" type="testlib">
            <source path="files/check.cpp" type="cpp.g++17"/>
            <copy path="check.cpp"/>
            <testset>
                <test-count>0</test-count>
                <input-path-pattern>files/tests/checker-tests/%02d</input-path-pattern>
                <output-path-pattern>files/tests/checker-tests/%02d.o</output-path-pattern>
                <answer-path-pattern>files/tests/checker-tests/%02d.a</answer-path-pattern>
                <tests/>
            </testset>
        </checker>
        <validators>
            <validator>
                <source path="files/brac_valid.cpp" type="cpp.g++17"/>
                <testset>
                    <test-count>3</test-count>
                    <input-path-pattern>files/tests/validator-tests/%02d</input-path-pattern>
                    <tests>
                        <test verdict="valid"/>
                        <test verdict="invalid"/>
                        <test verdict="invalid"/>
                    </tests>
                </testset>
            </validator>
        </validators>
        <solutions>
            <solution tag="main">
                <source path="solutions/brac.cpp" type="cpp.g++17"/>
            </solution>
            <solution tag="time-limit-exceeded-or-memory-limit-exceeded">
                <source path="solutions/brac_trau.cpp" type="cpp.g++17"/>
            </solution>
            <solution tag="wrong-answer">
                <source path="solutions/brac_wrong.cpp" type="cpp.g++17"/>
            </solution>
            <solution tag="wrong-answer">
                <source path="solutions/brac_wrong_2.cpp" type="cpp.g++17"/>
            </solution>
        </solutions>
    </assets>
    <properties>
        <property name="tests-wellformed" value="true"/>
    </properties>
    <stresses>
        <stress-count>0</stress-count>
        <stress-path-pattern>stresses/%03d</stress-path-pattern>
        <list/>
    </stresses>
    <tags>
        <tag value="correct bracket sequence"/>
        <tag value="greedy"/>
        <tag value="string"/>
    </tags>
</problem>
